season,team,wins,losses,record,made_playoffs,postseason_round_reached,total_war,offensive_war,defensive_war,salary_cap,avg_team_war,league_cap_pct_per_war,league_dollars_per_war,team_cap_pct_per_war,team_dollars_per_war,team_war_value_pct_of_cap,team_war_value_dollars,team_surplus_pct_of_cap,team_surplus_dollars,team_cap_value_multiple,war_efficiency_index
2022,PHI,14,3,14-3,Y,Super Bowl,19.05311998793291,10.638839034804713,8.414280953128197,"$208,200,000",6.6973793849037,14.9%,"$31,086,786",5.2%,"$10,927,344",284.5%,"$592,300,265",184.5%,"$384,100,265",2.84x,284
2022,KC,14,3,14-3,Y,Super Bowl,19.013389605437567,12.990377360187493,6.023012245250075,"$208,200,000",6.6973793849037,14.9%,"$31,086,786",5.3%,"$10,950,178",283.9%,"$591,065,175",183.9%,"$382,865,175",2.84x,284
2022,SF,13,4,13-4,Y,Conference Championship,15.097894545866689,7.635986305720953,7.461908240145735,"$208,200,000",6.6973793849037,14.9%,"$31,086,786",6.6%,"$13,790,002",225.4%,"$469,345,017",125.4%,"$261,145,017",2.25x,225
2022,BUF,13,3,13-3,Y,Divisional,11.096240274309212,5.96700924829569,5.1292310260135245,"$208,200,000",6.6973793849037,14.9%,"$31,086,786",9.0%,"$18,763,112",165.7%,"$344,946,447",65.7%,"$136,746,447",1.66x,166
2022,MIA,9,8,9-8,Y,Wild Card,10.76283513831934,6.274803488109412,4.488031650209929,"$208,200,000",6.6973793849037,14.9%,"$31,086,786",9.3%,"$19,344,345",160.7%,"$334,581,953",60.7%,"$126,381,953",1.61x,161
2022,DET,9,8,9-8,N,Did not qualify,10.755657343845533,7.248513724282375,3.5071436195631565,"$208,200,000",6.6973793849037,14.9%,"$31,086,786",9.3%,"$19,357,255",160.6%,"$334,358,819",60.6%,"$126,158,819",1.61x,161
2022,DAL,12,5,12-5,Y,Divisional,10.369237774431951,3.1659717463706265,7.203266028061325,"$208,200,000",6.6973793849037,14.9%,"$31,086,786",9.6%,"$20,078,621",154.8%,"$322,346,276",54.8%,"$114,146,276",1.55x,155
2022,CIN,12,4,12-4,Y,Conference Championship,9.99771235255289,5.637881697171684,4.359830655381206,"$208,200,000",6.6973793849037,14.9%,"$31,086,786",10.0%,"$20,824,764",149.3%,"$310,796,745",49.3%,"$102,596,745",1.49x,149
2022,JAX,9,8,9-8,Y,Divisional,9.769857870778749,4.855577497679409,4.914280373099338,"$208,200,000",6.6973793849037,14.9%,"$31,086,786",10.2%,"$21,310,443",145.9%,"$303,713,481",45.9%,"$95,513,481",1.46x,146
2022,BAL,10,7,10-7,Y,Wild Card,9.19656401997659,4.25124955750255,4.945314462474039,"$208,200,000",6.6973793849037,14.9%,"$31,086,786",10.9%,"$22,638,890",137.3%,"$285,891,618",37.3%,"$77,691,618",1.37x,137
2022,MIN,13,4,13-4,Y,Wild Card,8.279398534542214,3.312430929646789,4.966967604895425,"$208,200,000",6.6973793849037,14.9%,"$31,086,786",12.1%,"$25,146,754",123.6%,"$257,379,891",23.6%,"$49,179,891",1.24x,124
2022,CLE,7,10,7-10,N,Did not qualify,7.570176840834923,4.049075578516062,3.5211012623188607,"$208,200,000",6.6973793849037,14.9%,"$31,086,786",13.2%,"$27,502,660",113.0%,"$235,332,468",13.0%,"$27,132,468",1.13x,113
2022,LAC,10,7,10-7,Y,Wild Card,7.186070215464741,2.473728964467923,4.712341250996818,"$208,200,000",6.6973793849037,14.9%,"$31,086,786",13.9%,"$28,972,720",107.3%,"$223,391,827",7.3%,"$15,191,827",1.07x,107
2022,GB,8,9,8-9,N,Did not qualify,6.8068340097299895,2.9056996780107305,3.901134331719259,"$208,200,000",6.6973793849037,14.9%,"$31,086,786",14.7%,"$30,586,907",101.6%,"$211,602,593",1.6%,"$3,402,593",1.02x,102
2022,SEA,9,8,9-8,Y,Wild Card,5.863280970896377,1.309191682408069,4.554089288488308,"$208,200,000",6.6973793849037,14.9%,"$31,086,786",17.1%,"$35,509,129",87.5%,"$182,270,561",-12.5%,"$-25,929,439",0.88x,88
2022,TB,8,9,8-9,Y,Wild Card,5.83099535797008,2.135946839682122,3.695048518287957,"$208,200,000",6.6973793849037,14.9%,"$31,086,786",17.1%,"$35,705,739",87.1%,"$181,266,905",-12.9%,"$-26,933,095",0.87x,87
2022,ATL,7,10,7-10,N,Did not qualify,5.785681052122022,3.861189334779449,1.9244917173425724,"$208,200,000",6.6973793849037,14.9%,"$31,086,786",17.3%,"$35,985,392",86.4%,"$179,858,229",-13.6%,"$-28,341,771",0.86x,86
2022,NE,8,9,8-9,N,Did not qualify,5.60390035984698,-0.3473167106579246,5.951217070504905,"$208,200,000",6.6973793849037,14.9%,"$31,086,786",17.8%,"$37,152,695",83.7%,"$174,207,252",-16.3%,"$-33,992,748",0.84x,84
2022,NYG,9,7,9-7-1,Y,Divisional,5.449002182455828,1.5554606339460424,3.8935415485097855,"$208,200,000",6.6973793849037,14.9%,"$31,086,786",18.4%,"$38,208,830",81.4%,"$169,391,965",-18.6%,"$-38,808,035",0.81x,81
2022,PIT,9,8,9-8,N,Did not qualify,5.189665673747413,1.2229957159805656,3.966669957766848,"$208,200,000",6.6973793849037,14.9%,"$31,086,786",19.3%,"$40,118,191",77.5%,"$161,330,026",-22.5%,"$-46,869,974",0.77x,77
2022,LV,6,11,6-11,N,Did not qualify,4.204487046029853,1.5716127551635946,2.6328742908662583,"$208,200,000",6.6973793849037,14.9%,"$31,086,786",23.8%,"$49,518,526",62.8%,"$130,703,989",-37.2%,"$-77,496,011",0.63x,63
2022,TEN,7,10,7-10,N,Did not qualify,3.957715960278964,-0.2431025782252246,4.200818538504189,"$208,200,000",6.6973793849037,14.9%,"$31,086,786",25.3%,"$52,606,100",59.1%,"$123,032,669",-40.9%,"$-85,167,331",0.59x,59
2022,CAR,7,10,7-10,N,Did not qualify,2.9817561034306674,-0.4223543473130264,3.4041104507436937,"$208,200,000",6.6973793849037,14.9%,"$31,086,786",33.5%,"$69,824,624",44.5%,"$92,693,214",-55.5%,"$-115,506,786",0.45x,45
2022,LA,5,12,5-12,N,Did not qualify,2.8516648786932013,-1.4657463234294876,4.317411202122689,"$208,200,000",6.6973793849037,14.9%,"$31,086,786",35.1%,"$73,009,981",42.6%,"$88,649,096",-57.4%,"$-119,550,904",0.43x,43
2022,NO,7,10,7-10,N,Did not qualify,2.772755228995686,-0.9061047406478,3.678859969643486,"$208,200,000",6.6973793849037,14.9%,"$31,086,786",36.1%,"$75,087,768",41.4%,"$86,196,049",-58.6%,"$-122,003,951",0.41x,41
2022,NYJ,7,10,7-10,N,Did not qualify,2.7109925088412306,-2.3600539005908496,5.07104640943208,"$208,200,000",6.6973793849037,14.9%,"$31,086,786",36.9%,"$76,798,442",40.5%,"$84,276,044",-59.5%,"$-123,923,956",0.40x,40
2022,DEN,5,12,5-12,N,Did not qualify,2.685600269382744,-1.5571142803467364,4.24271454972948,"$208,200,000",6.6973793849037,14.9%,"$31,086,786",37.2%,"$77,524,568",40.1%,"$83,486,681",-59.9%,"$-124,713,319",0.40x,40
2022,ARI,4,13,4-13,N,Did not qualify,2.4039003497162565,-1.6481345372909266,4.052034887007183,"$208,200,000",6.6973793849037,14.9%,"$31,086,786",41.6%,"$86,609,247",35.9%,"$74,729,536",-64.1%,"$-133,470,464",0.36x,36
2022,WAS,8,8,8-8-1,N,Did not qualify,2.1322024890916635,-2.23793971174132,4.370142200832984,"$208,200,000",6.6973793849037,14.9%,"$31,086,786",46.9%,"$97,645,510",31.8%,"$66,283,323",-68.2%,"$-141,916,677",0.32x,32
2022,CHI,3,14,3-14,N,Did not qualify,2.1052107672015623,-0.1864399874326743,2.2916507546342366,"$208,200,000",6.6973793849037,14.9%,"$31,086,786",47.5%,"$98,897,461",31.4%,"$65,444,237",-68.6%,"$-142,755,763",0.31x,31
2022,IND,4,12,4-12-1,N,Did not qualify,-0.0956673832885437,-4.993627410986928,4.897960027698384,"$208,200,000",6.6973793849037,14.9%,"$31,086,786",,,-1.4%,"$-2,973,991",-101.4%,"$-211,173,991",-0.01x,
2022,HOU,3,13,3-13-1,N,Did not qualify,-3.0719920125168807,-7.177914989402198,4.105922976885317,"$208,200,000",6.6973793849037,14.9%,"$31,086,786",,,-45.9%,"$-95,498,358",-145.9%,"$-303,698,358",-0.46x,
2023,SF,12,5,12-5,Y,Super Bowl,18.19730032703948,10.93984835059874,7.257451976440738,"$224,800,000",6.030122253336396,16.6%,"$37,279,510",5.5%,"$12,353,481",301.8%,"$678,386,431",201.8%,"$453,586,431",3.02x,302
2023,DAL,12,5,12-5,Y,Wild Card,15.62983248598598,9.758649270525096,5.871183215460883,"$224,800,000",6.030122253336396,16.6%,"$37,279,510",6.4%,"$14,382,752",259.2%,"$582,672,489",159.2%,"$357,872,489",2.59x,259
2023,MIA,11,6,11-6,Y,Wild Card,15.43947664666288,9.860119127518283,5.579357519144596,"$224,800,000",6.030122253336396,16.6%,"$37,279,510",6.5%,"$14,560,079",256.0%,"$575,576,117",156.0%,"$350,776,117",2.56x,256
2023,BAL,13,4,13-4,Y,Conference Championship,14.572397923068912,7.613807493099105,6.958590429969807,"$224,800,000",6.030122253336396,16.6%,"$37,279,510",6.9%,"$15,426,425",241.7%,"$543,251,847",141.7%,"$318,451,847",2.42x,242
2023,DET,12,5,12-5,Y,Conference Championship,13.943493401074232,8.671290704527218,5.272202696547014,"$224,800,000",6.030122253336396,16.6%,"$37,279,510",7.2%,"$16,122,215",231.2%,"$519,806,595",131.2%,"$295,006,595",2.31x,231
2023,BUF,11,6,11-6,Y,Divisional,13.196558387827878,6.802515497890072,6.394042889937806,"$224,800,000",6.030122253336396,16.6%,"$37,279,510",7.6%,"$17,034,744",218.8%,"$491,961,224",118.8%,"$267,161,224",2.19x,219
2023,PHI,11,6,11-6,Y,Wild Card,11.323614401742972,7.383299229329141,3.9403151724138312,"$224,800,000",6.030122253336396,16.6%,"$37,279,510",8.8%,"$19,852,319",187.8%,"$422,138,791",87.8%,"$197,338,791",1.88x,188
2023,GB,9,8,9-8,Y,Divisional,10.500020367512434,5.578421029031314,4.921599338481119,"$224,800,000",6.030122253336396,16.6%,"$37,279,510",9.5%,"$21,409,482",174.1%,"$391,435,609",74.1%,"$166,635,609",1.74x,174
2023,KC,11,6,11-6,Y,Super Bowl,9.59962338187396,3.944988916402067,5.654634465471894,"$224,800,000",6.030122253336396,16.6%,"$37,279,510",10.4%,"$23,417,585",159.2%,"$357,869,251",59.2%,"$133,069,251",1.59x,159
2023,LA,10,7,10-7,Y,Wild Card,9.207991510545607,5.239722101681338,3.968269408864269,"$224,800,000",6.030122253336396,16.6%,"$37,279,510",10.9%,"$24,413,576",152.7%,"$343,269,407",52.7%,"$118,469,407",1.53x,153
2023,HOU,10,7,10-7,Y,Divisional,9.08538985692701,3.4318056776320818,5.653584179294929,"$224,800,000",6.030122253336396,16.6%,"$37,279,510",11.0%,"$24,743,022",150.7%,"$338,698,878",50.7%,"$113,898,878",1.51x,151
2023,IND,9,8,9-8,N,Did not qualify,7.746146978539945,2.778686300683364,4.967460677856581,"$224,800,000",6.030122253336396,16.6%,"$37,279,510",12.9%,"$29,020,880",128.5%,"$288,772,560",28.5%,"$63,972,560",1.28x,128
2023,MIN,7,10,7-10,N,Did not qualify,7.095357770500234,3.572697348986817,3.522660421513417,"$224,800,000",6.030122253336396,16.6%,"$37,279,510",14.1%,"$31,682,687",117.7%,"$264,511,458",17.7%,"$39,711,458",1.18x,118
2023,SEA,9,8,9-8,N,Did not qualify,6.751082027903003,2.508919225104345,4.242162802798657,"$224,800,000",6.030122253336396,16.6%,"$37,279,510",14.8%,"$33,298,366",112.0%,"$251,677,027",12.0%,"$26,877,027",1.12x,112
2023,TB,9,8,9-8,Y,Divisional,6.482540980861538,1.9864326000795964,4.4961083807819415,"$224,800,000",6.030122253336396,16.6%,"$37,279,510",15.4%,"$34,677,760",107.5%,"$241,665,948",7.5%,"$16,865,948",1.08x,108
2023,NO,9,8,9-8,N,Did not qualify,6.342445821376072,1.886399176522123,4.456046644853949,"$224,800,000",6.030122253336396,16.6%,"$37,279,510",15.8%,"$35,443,740",105.2%,"$236,443,269",5.2%,"$11,643,269",1.05x,105
2023,CIN,9,8,9-8,N,Did not qualify,5.905173497347966,1.824140294276512,4.081033203071455,"$224,800,000",6.030122253336396,16.6%,"$37,279,510",16.9%,"$38,068,314",97.9%,"$220,141,972",-2.1%,"$-4,658,028",0.98x,98
2023,DEN,8,9,8-9,N,Did not qualify,5.45790379029572,1.6033950422333598,3.854508748062361,"$224,800,000",6.030122253336396,16.6%,"$37,279,510",18.3%,"$41,187,974",90.5%,"$203,467,976",-9.5%,"$-21,332,024",0.91x,91
2023,LV,8,9,8-9,N,Did not qualify,3.808123945335288,-0.84726377847916,4.6553877238144485,"$224,800,000",6.030122253336396,16.6%,"$37,279,510",26.3%,"$59,031,692",63.2%,"$141,964,993",-36.8%,"$-82,835,007",0.63x,63
2023,ATL,7,10,7-10,N,Did not qualify,3.2997835314348576,-0.7479161006550801,4.047699632089937,"$224,800,000",6.030122253336396,16.6%,"$37,279,510",30.3%,"$68,125,681",54.7%,"$123,014,312",-45.3%,"$-101,785,688",0.55x,55
2023,PIT,10,7,10-7,Y,Wild Card,3.221075315448982,-2.5069296499377507,5.728004965386733,"$224,800,000",6.030122253336396,16.6%,"$37,279,510",31.0%,"$69,790,358",53.4%,"$120,080,108",-46.6%,"$-104,719,892",0.53x,53
2023,TEN,6,11,6-11,N,Did not qualify,2.996587974052599,-0.6183960672986467,3.6149840413512457,"$224,800,000",6.030122253336396,16.6%,"$37,279,510",33.4%,"$75,018,655",49.7%,"$111,711,330",-50.3%,"$-113,088,670",0.50x,50
2023,JAX,9,8,9-8,N,Did not qualify,2.7750032068733024,-1.759057578638991,4.534060785512294,"$224,800,000",6.030122253336396,16.6%,"$37,279,510",36.0%,"$81,008,915",46.0%,"$103,450,758",-54.0%,"$-121,349,242",0.46x,46
2023,LAC,5,12,5-12,N,Did not qualify,2.7484345885969037,-1.8007655499125328,4.549200138509436,"$224,800,000",6.030122253336396,16.6%,"$37,279,510",36.4%,"$81,792,014",45.6%,"$102,460,293",-54.4%,"$-122,339,707",0.46x,46
2023,CHI,7,10,7-10,N,Did not qualify,2.6684534184229944,-1.109799019485696,3.7782524379086895,"$224,800,000",6.030122253336396,16.6%,"$37,279,510",37.5%,"$84,243,554",44.3%,"$99,478,635",-55.7%,"$-125,321,365",0.44x,44
2023,CLE,11,6,11-6,Y,Wild Card,2.1871117529187893,-4.50289997309235,6.690011726011139,"$224,800,000",6.030122253336396,16.6%,"$37,279,510",45.7%,"$102,783,957",36.3%,"$81,534,453",-63.7%,"$-143,265,547",0.36x,36
2023,ARI,4,13,4-13,N,Did not qualify,0.1683682340421359,-2.051793730880956,2.220161964923092,"$224,800,000",6.030122253336396,16.6%,"$37,279,510",593.9%,"$1,335,168,723",2.8%,"$6,276,685",-97.2%,"$-218,523,315",0.03x,3
2023,WAS,4,13,4-13,N,Did not qualify,-0.5951440641088421,-3.4924073592421703,2.897263295133328,"$224,800,000",6.030122253336396,16.6%,"$37,279,510",,,-9.9%,"$-22,186,679",-109.9%,"$-246,986,679",-0.10x,
2023,NYJ,7,10,7-10,N,Did not qualify,-3.3515229702067995,-9.55697999159396,6.205457021387161,"$224,800,000",6.030122253336396,16.6%,"$37,279,510",,,-55.6%,"$-124,943,133",-155.6%,"$-349,743,133",-0.56x,
2023,NYG,6,11,6-11,N,Did not qualify,-3.720245549255772,-7.565156977178046,3.844911427922274,"$224,800,000",6.030122253336396,16.6%,"$37,279,510",,,-61.7%,"$-138,688,929",-161.7%,"$-363,488,929",-0.62x,
2023,CAR,2,15,2-15,N,Did not qualify,-4.679555079613567,-6.895690749086179,2.216135669472612,"$224,800,000",6.030122253336396,16.6%,"$37,279,510",,,-77.6%,"$-174,451,518",-177.6%,"$-399,251,518",-0.78x,
2023,NE,4,13,4-13,N,Did not qualify,-5.038911754262028,-8.282979192286929,3.2440674380249006,"$224,800,000",6.030122253336396,16.6%,"$37,279,510",,,-83.6%,"$-187,848,159",-183.6%,"$-412,648,159",-0.84x,
2024,DET,15,2,15-2,Y,Divisional,18.09630991558853,13.477301850082029,4.619008065506506,"$255,400,000",6.834377609247928,14.6%,"$37,369,899",5.5%,"$14,113,375",264.8%,"$676,257,271",164.8%,"$420,857,271",2.65x,265
2024,BAL,12,5,12-5,Y,Divisional,17.814282541120008,12.860324804257978,4.953957736862032,"$255,400,000",6.834377609247928,14.6%,"$37,369,899",5.6%,"$14,336,811",260.7%,"$665,717,937",160.7%,"$410,317,937",2.61x,261
2024,PHI,14,3,14-3,Y,Super Bowl,16.77281937917827,9.24478257719241,7.528036801985858,"$255,400,000",6.834377609247928,14.6%,"$37,369,899",6.0%,"$15,227,017",245.4%,"$626,798,564",145.4%,"$371,398,564",2.45x,245
2024,BUF,13,4,13-4,Y,Conference Championship,15.63076765945442,10.040897809703075,5.589869849751343,"$255,400,000",6.834377609247928,14.6%,"$37,369,899",6.4%,"$16,339,569",228.7%,"$584,120,206",128.7%,"$328,720,206",2.29x,229
2024,TB,10,7,10-7,Y,Wild Card,13.04420156131276,9.885162004984185,3.159039556328575,"$255,400,000",6.834377609247928,14.6%,"$37,369,899",7.7%,"$19,579,581",190.9%,"$487,460,493",90.9%,"$232,060,493",1.91x,191
2024,WAS,12,5,12-5,Y,Conference Championship,12.299390523829803,7.609843099946076,4.689547423883728,"$255,400,000",6.834377609247928,14.6%,"$37,369,899",8.1%,"$20,765,257",180.0%,"$459,626,980",80.0%,"$204,226,980",1.80x,180
2024,KC,15,2,15-2,Y,Super Bowl,11.667016112807223,6.306179805217506,5.360836307589717,"$255,400,000",6.834377609247928,14.6%,"$37,369,899",8.6%,"$21,890,773",170.7%,"$435,995,212",70.7%,"$180,595,212",1.71x,171
2024,GB,11,6,11-6,Y,Wild Card,10.69616731255693,5.014126526206566,5.682040786350363,"$255,400,000",6.834377609247928,14.6%,"$37,369,899",9.3%,"$23,877,712",156.5%,"$399,714,691",56.5%,"$144,314,691",1.57x,157
2024,SF,6,11,6-11,N,Did not qualify,10.404782787425413,7.327466820722909,3.0773159667025016,"$255,400,000",6.834377609247928,14.6%,"$37,369,899",9.6%,"$24,546,404",152.2%,"$388,825,680",52.2%,"$133,425,680",1.52x,152
2024,DEN,10,7,10-7,Y,Wild Card,10.073074609462726,3.3740973010624398,6.698977308400287,"$255,400,000",6.834377609247928,14.6%,"$37,369,899",9.9%,"$25,354,721",147.4%,"$376,429,779",47.4%,"$121,029,779",1.47x,147
2024,LAC,11,6,11-6,Y,Wild Card,9.51670773644774,4.894701446773243,4.622006289674495,"$255,400,000",6.834377609247928,14.6%,"$37,369,899",10.5%,"$26,837,012",139.2%,"$355,638,406",39.2%,"$100,238,406",1.39x,139
2024,ARI,8,9,8-9,N,Did not qualify,9.08910359336101,5.554504958177265,3.534598635183745,"$255,400,000",6.834377609247928,14.6%,"$37,369,899",11.0%,"$28,099,581",133.0%,"$339,658,882",33.0%,"$84,258,882",1.33x,133
2024,CIN,9,8,9-8,N,Did not qualify,8.969497972156438,6.151933761145884,2.817564211010554,"$255,400,000",6.834377609247928,14.6%,"$37,369,899",11.1%,"$28,474,280",131.2%,"$335,189,232",31.2%,"$79,789,232",1.31x,131
2024,ATL,8,9,8-9,N,Did not qualify,8.643914919938798,5.922316337779055,2.7215985821597437,"$255,400,000",6.834377609247928,14.6%,"$37,369,899",11.6%,"$29,546,797",126.5%,"$323,022,226",26.5%,"$67,622,226",1.26x,126
2024,MIN,14,3,14-3,Y,Wild Card,8.101339998305358,3.114916164889278,4.98642383341608,"$255,400,000",6.834377609247928,14.6%,"$37,369,899",12.3%,"$31,525,649",118.5%,"$302,746,256",18.5%,"$47,346,256",1.19x,119
2024,LA,10,7,10-7,Y,Divisional,7.199034507121046,2.1741899653684422,5.024844541752604,"$255,400,000",6.834377609247928,14.6%,"$37,369,899",13.9%,"$35,476,980",105.3%,"$269,027,191",5.3%,"$13,627,191",1.05x,105
2024,MIA,8,9,8-9,N,Did not qualify,6.960293379994916,3.4107399904476723,3.549553389547244,"$255,400,000",6.834377609247928,14.6%,"$37,369,899",14.4%,"$36,693,856",101.8%,"$260,105,460",1.8%,"$4,705,460",1.02x,102
2024,HOU,10,7,10-7,Y,Divisional,6.2474327583725175,-0.031878107363199,6.279310865735717,"$255,400,000",6.834377609247928,14.6%,"$37,369,899",16.0%,"$40,880,792",91.4%,"$233,465,930",-8.6%,"$-21,934,070",0.91x,91
2024,PIT,10,7,10-7,Y,Wild Card,5.351469728044044,0.2374871186698488,5.113982609374195,"$255,400,000",6.834377609247928,14.6%,"$37,369,899",18.7%,"$47,725,207",78.3%,"$199,983,882",-21.7%,"$-55,416,118",0.78x,78
2024,NYJ,5,12,5-12,N,Did not qualify,5.091793737403631,1.668709504644893,3.423084232758738,"$255,400,000",6.834377609247928,14.6%,"$37,369,899",19.6%,"$50,159,141",74.5%,"$190,279,817",-25.5%,"$-65,120,183",0.75x,75
2024,CHI,5,12,5-12,N,Did not qualify,4.973407211313431,0.891042170353612,4.082365040959819,"$255,400,000",6.834377609247928,14.6%,"$37,369,899",20.1%,"$51,353,125",72.8%,"$185,855,724",-27.2%,"$-69,544,276",0.73x,73
2024,SEA,10,7,10-7,N,Did not qualify,4.241833048188503,0.1523382284874397,4.089494819701063,"$255,400,000",6.834377609247928,14.6%,"$37,369,899",23.6%,"$60,209,819",62.1%,"$158,516,872",-37.9%,"$-96,883,128",0.62x,62
2024,IND,8,9,8-9,N,Did not qualify,3.4540500142671275,-1.074770786126396,4.528820800393524,"$255,400,000",6.834377609247928,14.6%,"$37,369,899",29.0%,"$73,942,184",50.5%,"$129,077,500",-49.5%,"$-126,322,500",0.51x,51
2024,JAX,4,13,4-13,N,Did not qualify,2.379950093149975,0.8654996381250062,1.514450455024969,"$255,400,000",6.834377609247928,14.6%,"$37,369,899",42.0%,"$107,313,175",34.8%,"$88,938,494",-65.2%,"$-166,461,506",0.35x,35
2024,NO,5,12,5-12,N,Did not qualify,1.1190137136275324,-1.8721516235590183,2.9911653371865508,"$255,400,000",6.834377609247928,14.6%,"$37,369,899",89.4%,"$228,236,702",16.4%,"$41,817,429",-83.6%,"$-213,582,571",0.16x,16
2024,LV,4,13,4-13,N,Did not qualify,1.1155515712502575,-1.551759626665497,2.6673111979157547,"$255,400,000",6.834377609247928,14.6%,"$37,369,899",89.6%,"$228,945,041",16.3%,"$41,688,049",-83.7%,"$-213,711,951",0.16x,16
2024,DAL,7,10,7-10,N,Did not qualify,-0.0729024540867708,-4.0732292304643325,4.000326776377562,"$255,400,000",6.834377609247928,14.6%,"$37,369,899",,,-1.1%,"$-2,724,357",-101.1%,"$-258,124,357",-0.01x,
2024,CAR,5,12,5-12,N,Did not qualify,-0.2035781159025809,-2.01249707708669,1.8089189611841088,"$255,400,000",6.834377609247928,14.6%,"$37,369,899",,,-3.0%,"$-7,607,694",-103.0%,"$-263,007,694",-0.03x,
2024,NYG,3,14,3-14,N,Did not qualify,-1.121271266297624,-4.666625820757376,3.545354554459752,"$255,400,000",6.834377609247928,14.6%,"$37,369,899",,,-16.4%,"$-41,901,794",-116.4%,"$-297,301,794",-0.16x,
2024,TEN,3,14,3-14,N,Did not qualify,-2.0689465465554457,-5.220508508029601,3.1515619614741555,"$255,400,000",6.834377609247928,14.6%,"$37,369,899",,,-30.3%,"$-77,316,323",-130.3%,"$-332,716,323",-0.30x,
2024,NE,4,13,4-13,N,Did not qualify,-2.182398834965132,-3.84990948780141,1.6675106528362782,"$255,400,000",6.834377609247928,14.6%,"$37,369,899",,,-31.9%,"$-81,556,024",-131.9%,"$-336,956,024",-0.32x,
2024,CLE,3,14,3-14,N,Did not qualify,-4.604025671937166,-8.358471624639193,3.754445952702027,"$255,400,000",6.834377609247928,14.6%,"$37,369,899",,,-67.4%,"$-172,051,974",-167.4%,"$-427,451,974",-0.67x,
2025,LA,12,5,12-5,Y,Conference Championship,17.89787504588081,11.540016776810344,6.357858269070466,"$279,200,000",6.598785308587401,15.2%,"$42,310,817",5.6%,"$15,599,617",271.2%,"$757,273,722",171.2%,"$478,073,722",2.71x,271
2025,NE,14,3,14-3,Y,Super Bowl,16.551222873365738,10.92830466726077,5.622918206104966,"$279,200,000",6.598785308587401,15.2%,"$42,310,817",6.0%,"$16,868,844",250.8%,"$700,295,768",150.8%,"$421,095,768",2.51x,251
2025,BUF,12,5,12-5,Y,Divisional,12.865190240518992,8.37881308815983,4.486377152359163,"$279,200,000",6.598785308587401,15.2%,"$42,310,817",7.8%,"$21,701,972",195.0%,"$544,336,715",95.0%,"$265,136,715",1.95x,195
2025,DET,9,8,9-8,N,Did not qualify,12.316428128568624,7.667658772102573,4.64876935646605,"$279,200,000",6.598785308587401,15.2%,"$42,310,817",8.1%,"$22,668,910",186.6%,"$521,118,141",86.6%,"$241,918,141",1.87x,187
2025,CHI,11,6,11-6,Y,Divisional,12.249154712544964,7.52423100711283,4.724923705432135,"$279,200,000",6.598785308587401,15.2%,"$42,310,817",8.2%,"$22,793,410",185.6%,"$518,271,748",85.6%,"$239,071,748",1.86x,186
2025,SEA,14,3,14-3,Y,Super Bowl,11.682016054105866,4.604033639202928,7.077982414902937,"$279,200,000",6.598785308587401,15.2%,"$42,310,817",8.6%,"$23,899,984",177.0%,"$494,275,648",77.0%,"$215,075,648",1.77x,177
2025,DEN,14,3,14-3,Y,Conference Championship,11.439293233675002,5.054579294595679,6.384713939079323,"$279,200,000",6.598785308587401,15.2%,"$42,310,817",8.7%,"$24,407,102",173.4%,"$484,005,847",73.4%,"$204,805,847",1.73x,173
2025,IND,8,9,8-9,N,Did not qualify,11.0240150837076,7.172517205649977,3.8514978780576232,"$279,200,000",6.598785308587401,15.2%,"$42,310,817",9.1%,"$25,326,526",167.1%,"$466,435,089",67.1%,"$187,235,089",1.67x,167
2025,PHI,11,6,11-6,Y,Wild Card,9.67119859464287,4.801038008941825,4.870160585701045,"$279,200,000",6.598785308587401,15.2%,"$42,310,817",10.3%,"$28,869,224",146.6%,"$409,196,317",46.6%,"$129,996,317",1.47x,147
2025,DAL,7,9,7-9-1,N,Did not qualify,9.331433439911487,6.860768658756335,2.4706647811551536,"$279,200,000",6.598785308587401,15.2%,"$42,310,817",10.7%,"$29,920,376",141.4%,"$394,820,576",41.4%,"$115,620,576",1.41x,141
2025,SF,12,5,12-5,Y,Divisional,9.087858353770804,6.863823286752421,2.224035067018384,"$279,200,000",6.598785308587401,15.2%,"$42,310,817",11.0%,"$30,722,310",137.7%,"$384,514,715",37.7%,"$105,314,715",1.38x,138
2025,PIT,10,7,10-7,Y,Wild Card,8.94747659108618,3.397530319085036,5.549946272001145,"$279,200,000",6.598785308587401,15.2%,"$42,310,817",11.2%,"$31,204,329",135.6%,"$378,575,048",35.6%,"$99,375,048",1.36x,136
2025,GB,9,7,9-7-1,Y,Wild Card,8.574769911214684,5.011673991358778,3.5630959198559062,"$279,200,000",6.598785308587401,15.2%,"$42,310,817",11.7%,"$32,560,640",129.9%,"$362,805,524",29.9%,"$83,605,524",1.30x,130
2025,HOU,12,5,12-5,Y,Divisional,8.301561843178721,0.159795282923208,8.141766560255514,"$279,200,000",6.598785308587401,15.2%,"$42,310,817",12.0%,"$33,632,226",125.8%,"$351,245,867",25.8%,"$72,045,867",1.26x,126
2025,KC,6,11,6-11,N,Did not qualify,7.936390078690744,4.9452702286700685,2.9911198500206755,"$279,200,000",6.598785308587401,15.2%,"$42,310,817",12.6%,"$35,179,722",120.3%,"$335,795,151",20.3%,"$56,595,151",1.20x,120
2025,JAX,13,4,13-4,Y,Wild Card,7.573971552845808,2.875211104926513,4.698760447919296,"$279,200,000",6.598785308587401,15.2%,"$42,310,817",13.2%,"$36,863,091",114.8%,"$320,460,927",14.8%,"$41,260,927",1.15x,115
2025,BAL,8,9,8-9,N,Did not qualify,5.794509337662991,2.7338192049369825,3.060690132726008,"$279,200,000",6.598785308587401,15.2%,"$42,310,817",17.3%,"$48,183,545",87.8%,"$245,170,426",-12.2%,"$-34,029,574",0.88x,88
2025,ATL,8,9,8-9,N,Did not qualify,5.771875416672044,1.1905010449614326,4.581374371710611,"$279,200,000",6.598785308587401,15.2%,"$42,310,817",17.3%,"$48,372,492",87.5%,"$244,212,767",-12.5%,"$-34,987,233",0.87x,87
2025,CAR,8,9,8-9,Y,Wild Card,5.01350642207837,1.5252427760378962,3.4882636460404743,"$279,200,000",6.598785308587401,15.2%,"$42,310,817",19.9%,"$55,689,567",76.0%,"$212,125,555",-24.0%,"$-67,074,445",0.76x,76
2025,ARI,3,14,3-14,N,Did not qualify,4.4592705903422605,2.37649632447908,2.08277426586318,"$279,200,000",6.598785308587401,15.2%,"$42,310,817",22.4%,"$62,611,137",67.6%,"$188,675,384",-32.4%,"$-90,524,616",0.68x,68
2025,NYG,4,13,4-13,N,Did not qualify,4.288699727223023,1.1358609159393565,3.152838811283666,"$279,200,000",6.598785308587401,15.2%,"$42,310,817",23.3%,"$65,101,317",65.0%,"$181,458,391",-35.0%,"$-97,741,609",0.65x,65
2025,LAC,11,6,11-6,Y,Wild Card,3.9039840671793526,-1.7046107373839825,5.608594804563335,"$279,200,000",6.598785308587401,15.2%,"$42,310,817",25.6%,"$71,516,685",59.2%,"$165,180,757",-40.8%,"$-114,019,243",0.59x,59
2025,TB,8,9,8-9,N,Did not qualify,3.884496784692448,0.045137860434401,3.8393589242580473,"$279,200,000",6.598785308587401,15.2%,"$42,310,817",25.7%,"$71,875,462",58.9%,"$164,356,234",-41.1%,"$-114,843,766",0.59x,59
2025,WAS,5,12,5-12,N,Did not qualify,3.72014440172052,2.3686884897583047,1.3514559119622154,"$279,200,000",6.598785308587401,15.2%,"$42,310,817",26.9%,"$75,050,850",56.4%,"$157,402,350",-43.6%,"$-121,797,650",0.56x,56
2025,MIA,7,10,7-10,N,Did not qualify,3.4999978947444994,-0.1798778420261551,3.679875736770655,"$279,200,000",6.598785308587401,15.2%,"$42,310,817",28.6%,"$79,771,477",53.0%,"$148,087,772",-47.0%,"$-131,112,228",0.53x,53
2025,CIN,6,11,6-11,N,Did not qualify,3.269858833833905,0.4545361733473647,2.8153226604865407,"$279,200,000",6.598785308587401,15.2%,"$42,310,817",30.6%,"$85,385,949",49.6%,"$138,350,400",-50.4%,"$-140,849,600",0.50x,50
2025,MIN,9,8,9-8,N,Did not qualify,3.2450754415508776,-1.7379865146968454,4.983061956247723,"$279,200,000",6.598785308587401,15.2%,"$42,310,817",30.8%,"$86,038,061",49.2%,"$137,301,794",-50.8%,"$-141,898,206",0.49x,49
2025,NO,6,11,6-11,N,Did not qualify,2.9213805286690966,-1.319058114205519,4.240438642874616,"$279,200,000",6.598785308587401,15.2%,"$42,310,817",34.2%,"$95,571,254",44.3%,"$123,605,998",-55.7%,"$-155,594,002",0.44x,44
2025,TEN,3,14,3-14,N,Did not qualify,-1.7820424133699344,-4.97926350269374,3.197221089323806,"$279,200,000",6.598785308587401,15.2%,"$42,310,817",,,-27.0%,"$-75,399,671",-127.0%,"$-354,599,671",-0.27x,
2025,NYJ,3,14,3-14,N,Did not qualify,-3.392756164658248,-4.585293622342276,1.1925374576840286,"$279,200,000",6.598785308587401,15.2%,"$42,310,817",,,-51.4%,"$-143,550,286",-151.4%,"$-422,750,286",-0.51x,
2025,CLE,5,12,5-12,N,Did not qualify,-3.8141716056028736,-9.37398051712004,5.559808911517165,"$279,200,000",6.598785308587401,15.2%,"$42,310,817",,,-57.8%,"$-161,380,718",-157.8%,"$-440,580,718",-0.58x,
2025,LV,3,14,3-14,N,Did not qualify,-5.07255512565038,-8.18976495683438,3.1172098311840006,"$279,200,000",6.598785308587401,15.2%,"$42,310,817",,,-76.9%,"$-214,623,953",-176.9%,"$-493,823,953",-0.77x,
